{
  "numeric": {
    "columns": [
      "Age",
      "Attendance (%)",
      "Midterm_Score",
      "Assignments_Avg",
      "Quizzes_Avg",
      "Participation_Score",
      "Projects_Score",
      "Study_Hours_per_Week",
      "Stress_Level (1-10)",
      "Sleep_Hours_per_Night",
      "early_academic_avg",
      "engagement_index",
      "attendance_deficit",
      "low_att_low_mid"
    ],
    "impute": [
      21.0,
      75.795,
      70.94999999999999,
      74.83,
      74.86500000000001,
      49.6,
      74.58,
      17.4,
      6.0,
      6.5,
      73.17825,
      4.414999999999999,
      0.0,
      0.0
    ],
    "mean": [
      21.05525,
      75.3916875,
      70.79129250000001,
      74.8212775,
      74.74250500000001,
      50.052625,
      74.82642499999999,
      17.509625,
      5.53125,
      6.514600000000001,
      73.194301125,
      4.425375,
      6.059077499999999,
      0.05975
    ],
    "scale": [
      1.9815896238878525,
      14.434121619528629,
      17.455228003507823,
      14.406354474432238,
      14.386965763321152,
      29.0758475905583,
      14.542858454216455,
      7.15271416032928,
      2.868017335634497,
      1.4452099639844724,
      8.537722964109708,
      2.055743392759661,
      8.054019193793478,
      0.2370230737713103
    ]
  },
  "categorical": {
    "columns": [
      "Gender",
      "Department",
      "Extracurricular_Activities",
      "Internet_Access_at_Home",
      "Parent_Education_Level",
      "Family_Income_Level"
    ],
    "impute": [
      "Male",
      "Engineering",
      "Yes",
      "Yes",
      "Unknown",
      "Low"
    ],
    "categories": [
      [
        "Female",
        "Male"
      ],
      [
        "Business",
        "CS",
        "Engineering",
        "Mathematics"
      ],
      [
        "No",
        "Yes"
      ],
      [
        "No",
        "Yes"
      ],
      [
        "Bachelor's",
        "High School",
        "Master's",
        "PhD",
        "Unknown"
      ],
      [
        "High",
        "Low",
        "Medium"
      ]
    ]
  },
  "model": {
    "type": "logistic_regression",
    "coef": [
      0.020281298425154012,
      -0.027062680493857048,
      -0.27319553325607004,
      -0.547918807099387,
      -0.25942352418684933,
      -0.5749066838826232,
      -1.3980645521349455,
      -0.02775512530173345,
      0.004549797960191799,
      0.01758685420172463,
      -0.8991971286397336,
      -0.029082698415809186,
      -0.04270936763656255,
      -0.05209346056287925,
      -0.009959909995833276,
      -0.08418282718554496,
      -0.1424769922711331,
      -0.07887079858130674,
      0.045276533480383255,
      0.08192852019067844,
      -0.0772446049638405,
      -0.016898132217537862,
      -0.0009848178959295344,
      -0.09315791928544866,
      -0.033793263811196954,
      -0.06412225426304038,
      0.02519731844194357,
      0.03183147459355106,
      -0.053256012142635714,
      -0.031912986282451955,
      -0.02078039321197036,
      -0.04144935768695624
    ],
    "intercept": -0.09737607598815383
  },
  "bands": [
    {
      "threshold": 0.8,
      "label": "CRITICAL"
    },
    {
      "threshold": 0.6,
      "label": "HIGH"
    },
    {
      "threshold": 0.4,
      "label": "MODERATE"
    },
    {
      "threshold": 0.2,
      "label": "LOW"
    },
    {
      "threshold": 0.0,
      "label": "SAFE"
    }
  ]
}